{"cameraMode":{"drawMode":0,"name":"Shaded","section":"Shading Mode"},"sceneLighting":true,"audioPlay":false,"sceneViewState":{"showFog":true,"showMaterialUpdate":false,"showSkybox":true,"showFlares":true,"showImageEffects":true,"showParticleSystems":true},"in2DMode":false,"pivot":{"x":22.843917846679689,"y":-6.634330749511719,"z":19.37862777709961},"rotation":{"x":-0.3961845934391022,"y":0.48336148262023928,"z":-0.260189414024353,"w":-0.7360039353370667},"size":28.586660385131837,"orthographic":false}