{"cameraMode":{"drawMode":0,"name":"Shaded","section":"Shading Mode"},"sceneLighting":false,"audioPlay":false,"sceneViewState":{"showFog":true,"showMaterialUpdate":false,"showSkybox":false,"showFlares":true,"showImageEffects":true,"showParticleSystems":true},"in2DMode":false,"pivot":{"x":6.180296897888184,"y":1.440155029296875,"z":-6.143161773681641},"rotation":{"x":-0.10548330843448639,"y":-0.8688270449638367,"z":0.22644703090190888,"w":-0.4311993420124054},"size":45.014366149902347,"orthographic":false}