{"cameraMode":{"drawMode":0,"name":"Shaded","section":"Shading Mode"},"sceneLighting":false,"audioPlay":false,"sceneViewState":{"showFog":true,"showMaterialUpdate":false,"showSkybox":false,"showFlares":true,"showImageEffects":true,"showParticleSystems":true},"in2DMode":false,"pivot":{"x":-5.482641696929932,"y":1.6539406776428223,"z":1.685884714126587},"rotation":{"x":0.4404603838920593,"y":-0.013406649231910706,"z":0.00627115136012435,"w":0.8980063199996948},"size":6.350615978240967,"orthographic":false}