{"cameraMode":{"drawMode":0,"name":"Shaded","section":"Shading Mode"},"sceneLighting":false,"audioPlay":false,"sceneViewState":{"showFog":true,"showMaterialUpdate":false,"showSkybox":false,"showFlares":true,"showImageEffects":true,"showParticleSystems":true},"in2DMode":false,"pivot":{"x":0.000500023365020752,"y":-0.7451224327087402,"z":0.0},"rotation":{"x":0.35079386830329897,"y":0.45262446999549868,"z":-0.1997145265340805,"w":0.7951479554176331},"size":1.8885945081710816,"orthographic":false}