{"cameraMode":{"drawMode":0,"name":"Shaded","section":"Shading Mode"},"sceneLighting":false,"audioPlay":false,"sceneViewState":{"showFog":true,"showMaterialUpdate":false,"showSkybox":false,"showFlares":true,"showImageEffects":true,"showParticleSystems":true},"in2DMode":false,"pivot":{"x":0.867542028427124,"y":1.4668049812316895,"z":-0.5192017555236816},"rotation":{"x":-0.11420679092407227,"y":-0.6100195646286011,"z":0.08934932202100754,"w":-0.7791715264320374},"size":2.743929624557495,"orthographic":false}