{"cameraMode":{"drawMode":0,"name":"Shaded","section":"Shading Mode"},"sceneLighting":false,"audioPlay":false,"sceneViewState":{"showFog":true,"showMaterialUpdate":false,"showSkybox":false,"showFlares":true,"showImageEffects":true,"showParticleSystems":true},"in2DMode":false,"pivot":{"x":-0.02727329730987549,"y":1.8645319938659669,"z":-0.41790127754211428},"rotation":{"x":-0.31614065170288088,"y":-0.06944270431995392,"z":0.023096175864338876,"w":-0.9460220336914063},"size":1.4202568531036378,"orthographic":false}