{"cameraMode":{"drawMode":0,"name":"Shaded","section":"Shading Mode"},"sceneLighting":false,"audioPlay":false,"sceneViewState":{"showFog":true,"showMaterialUpdate":false,"showSkybox":false,"showFlares":true,"showImageEffects":true,"showParticleSystems":true},"in2DMode":false,"pivot":{"x":0.7351877689361572,"y":2.015861988067627,"z":-0.1341409683227539},"rotation":{"x":-0.071665920317173,"y":-0.8939204812049866,"z":0.15373237431049348,"w":-0.4153032600879669},"size":2.807387351989746,"orthographic":false}