{"cameraMode":{"drawMode":0,"name":"Shaded","section":"Shading Mode"},"sceneLighting":false,"audioPlay":false,"sceneViewState":{"showFog":true,"showMaterialUpdate":false,"showSkybox":false,"showFlares":true,"showImageEffects":true,"showParticleSystems":true},"in2DMode":false,"pivot":{"x":-13.87399959564209,"y":32.243316650390628,"z":46.745269775390628},"rotation":{"x":-0.2760016620159149,"y":-0.1255086064338684,"z":0.036175720393657687,"w":-0.9525459408760071},"size":115.23188781738281,"orthographic":false}