{"cameraMode":{"drawMode":0,"name":"Shaded","section":"Shading Mode"},"sceneLighting":false,"audioPlay":false,"sceneViewState":{"showFog":true,"showMaterialUpdate":false,"showSkybox":false,"showFlares":true,"showImageEffects":true,"showParticleSystems":true},"in2DMode":false,"pivot":{"x":-8.424285888671875,"y":1.0445034503936768,"z":12.609999656677246},"rotation":{"x":0.34960949420928957,"y":0.6051540374755859,"z":-0.33391550183296206,"w":0.6341838836669922},"size":7.3249921798706059,"orthographic":false}