{"cameraMode":{"drawMode":0,"name":"Shaded","section":"Shading Mode"},"sceneLighting":false,"audioPlay":false,"sceneViewState":{"showFog":true,"showMaterialUpdate":false,"showSkybox":false,"showFlares":true,"showImageEffects":true,"showParticleSystems":true},"in2DMode":false,"pivot":{"x":3.3299999237060549,"y":-1.899999976158142,"z":-0.3600001335144043},"rotation":{"x":0.5072183609008789,"y":0.11275602132081986,"z":-0.06723226606845856,"w":0.8519841432571411},"size":0.866025447845459,"orthographic":false}