{"cameraMode":{"drawMode":0,"name":"Shaded","section":"Shading Mode"},"sceneLighting":false,"audioPlay":false,"sceneViewState":{"showFog":true,"showMaterialUpdate":false,"showSkybox":true,"showFlares":true,"showImageEffects":true,"showParticleSystems":true},"in2DMode":false,"pivot":{"x":0.4944784641265869,"y":1.0789713859558106,"z":-7.07752799987793},"rotation":{"x":-0.17753666639328004,"y":0.020858267322182657,"z":-0.004106371663510799,"w":-0.9840342402458191},"size":8.3844575881958,"orthographic":false}