{"cameraMode":{"drawMode":0,"name":"Shaded","section":"Shading Mode"},"sceneLighting":false,"audioPlay":false,"sceneViewState":{"showFog":true,"showMaterialUpdate":false,"showSkybox":false,"showFlares":true,"showImageEffects":true,"showParticleSystems":true},"in2DMode":false,"pivot":{"x":0.4347909092903137,"y":1.7806955575942994,"z":0.8999900817871094},"rotation":{"x":-0.17069028317928315,"y":-0.3950175642967224,"z":0.07496419548988342,"w":-0.8997017741203308},"size":4.307387351989746,"orthographic":false}