{"cameraMode":{"drawMode":0,"name":"Shaded","section":"Shading Mode"},"sceneLighting":false,"audioPlay":false,"sceneViewState":{"showFog":true,"showMaterialUpdate":false,"showSkybox":false,"showFlares":true,"showImageEffects":true,"showParticleSystems":true},"in2DMode":false,"pivot":{"x":1.5569229125976563,"y":-1.5266456604003907,"z":10.18332576751709},"rotation":{"x":0.00986813846975565,"y":0.9807881116867065,"z":-0.18212659657001496,"w":0.08979816734790802},"size":22.129024505615236,"orthographic":false}