{"cameraMode":{"drawMode":0,"name":"Shaded","section":"Shading Mode"},"sceneLighting":false,"audioPlay":false,"sceneViewState":{"showFog":true,"showMaterialUpdate":false,"showSkybox":false,"showFlares":true,"showImageEffects":true,"showParticleSystems":true},"in2DMode":false,"pivot":{"x":0.5456541776657105,"y":3.2553911209106447,"z":0.0969991683959961},"rotation":{"x":-0.3055604100227356,"y":0.20129825174808503,"z":-0.06646253168582916,"w":-0.9283956289291382},"size":2.4663755893707277,"orthographic":false}