{"cameraMode":{"drawMode":0,"name":"Shaded","section":"Shading Mode"},"sceneLighting":false,"audioPlay":false,"sceneViewState":{"showFog":true,"showMaterialUpdate":false,"showSkybox":true,"showFlares":true,"showImageEffects":true,"showParticleSystems":true},"in2DMode":false,"pivot":{"x":485.1841125488281,"y":335.8304138183594,"z":-45.8310546875},"rotation":{"x":-0.12408372759819031,"y":-0.032555047422647479,"z":0.005785491317510605,"w":-0.9919846057891846},"size":235.7236328125,"orthographic":false}