{"cameraMode":{"drawMode":0,"name":"Shaded","section":"Shading Mode"},"sceneLighting":false,"audioPlay":false,"sceneViewState":{"showFog":true,"showMaterialUpdate":false,"showSkybox":false,"showFlares":true,"showImageEffects":true,"showParticleSystems":true},"in2DMode":false,"pivot":{"x":0.35943302512168887,"y":-2.4075851440429689,"z":-6.138397216796875},"rotation":{"x":-0.2885393500328064,"y":-0.29929643869400027,"z":0.09624285995960236,"w":-0.9046139121055603},"size":13.46367073059082,"orthographic":false}