{"cameraMode":{"drawMode":0,"name":"Shaded","section":"Shading Mode"},"sceneLighting":false,"audioPlay":false,"sceneViewState":{"showFog":true,"showMaterialUpdate":false,"showSkybox":false,"showFlares":true,"showImageEffects":true,"showParticleSystems":true},"in2DMode":false,"pivot":{"x":0.0,"y":11.624784469604493,"z":0.044159889221191409},"rotation":{"x":-0.4475942850112915,"y":-0.012252208776772023,"z":0.00540755782276392,"w":-0.895484983921051},"size":37.5211067199707,"orthographic":false}