{"cameraMode":{"drawMode":0,"name":"Shaded","section":"Shading Mode"},"sceneLighting":false,"audioPlay":false,"sceneViewState":{"showFog":true,"showMaterialUpdate":false,"showSkybox":true,"showFlares":true,"showImageEffects":true,"showParticleSystems":true},"in2DMode":false,"pivot":{"x":-6.130164623260498,"y":43.82185363769531,"z":1.0038646459579468},"rotation":{"x":0.4174198806285858,"y":0.07026942074298859,"z":-0.033684730529785159,"w":0.9056107401847839},"size":21.29330825805664,"orthographic":false}