{"cameraMode":{"drawMode":0,"name":"Shaded","section":"Shading Mode"},"sceneLighting":false,"audioPlay":false,"sceneViewState":{"showFog":true,"showMaterialUpdate":false,"showSkybox":false,"showFlares":true,"showImageEffects":true,"showParticleSystems":true},"in2DMode":false,"pivot":{"x":74.26532745361328,"y":0.000003814697265625,"z":-0.0005645751953125},"rotation":{"x":-0.34685492515563967,"y":-0.11683949828147888,"z":0.04347680136561394,"w":-0.9299063682556152},"size":1.9471843242645264,"orthographic":false}