{"cameraMode":{"drawMode":0,"name":"Shaded","section":"Shading Mode"},"sceneLighting":false,"audioPlay":false,"sceneViewState":{"showFog":true,"showMaterialUpdate":false,"showSkybox":true,"showFlares":true,"showImageEffects":true,"showParticleSystems":true},"in2DMode":false,"pivot":{"x":254.31825256347657,"y":4.017457485198975,"z":-221.0467529296875},"rotation":{"x":0.27640238404273989,"y":-0.05838216096162796,"z":0.016395265236496927,"w":0.9593388438224793},"size":4.054293632507324,"orthographic":false}