{"cameraMode":{"drawMode":0,"name":"Shaded","section":"Shading Mode"},"sceneLighting":false,"audioPlay":false,"sceneViewState":{"showFog":true,"showMaterialUpdate":false,"showSkybox":false,"showFlares":true,"showImageEffects":true,"showParticleSystems":true},"in2DMode":false,"pivot":{"x":11.658232688903809,"y":-1.455155849456787,"z":-10.493590354919434},"rotation":{"x":0.24487850069999696,"y":-0.6337008476257324,"z":0.20665788650512696,"w":0.7064815163612366},"size":29.781190872192384,"orthographic":false}