{"cameraMode":{"drawMode":0,"name":"Shaded","section":"Shading Mode"},"sceneLighting":false,"audioPlay":false,"sceneViewState":{"showFog":true,"showMaterialUpdate":false,"showSkybox":false,"showFlares":true,"showImageEffects":true,"showParticleSystems":true},"in2DMode":false,"pivot":{"x":9.851580619812012,"y":4.004148483276367,"z":12.153154373168946},"rotation":{"x":0.2771661579608917,"y":-0.5232847332954407,"z":0.1795874983072281,"w":0.7875776290893555},"size":8.520495414733887,"orthographic":false}