{"cameraMode":{"drawMode":0,"name":"Shaded","section":"Shading Mode"},"sceneLighting":false,"audioPlay":false,"sceneViewState":{"showFog":true,"showMaterialUpdate":false,"showSkybox":false,"showFlares":true,"showImageEffects":true,"showParticleSystems":true},"in2DMode":false,"pivot":{"x":0.2511064112186432,"y":1.2967610359191895,"z":-0.20691561698913575},"rotation":{"x":-0.4189571142196655,"y":-0.08873320370912552,"z":0.040892358869314197,"w":-0.902923047542572},"size":2.2073874473571779,"orthographic":false}