{"cameraMode":{"drawMode":0,"name":"Shaded","section":"Shading Mode"},"sceneLighting":false,"audioPlay":false,"sceneViewState":{"showFog":true,"showMaterialUpdate":false,"showSkybox":false,"showFlares":true,"showImageEffects":true,"showParticleSystems":true},"in2DMode":false,"pivot":{"x":0.4102802276611328,"y":4.660969257354736,"z":-9.091672897338868},"rotation":{"x":0.0613325871527195,"y":-0.06554853171110153,"z":-0.004091757815331221,"w":-0.9960671663284302},"size":3.7867305278778078,"orthographic":false}