{"cameraMode":{"drawMode":0,"name":"Shaded","section":"Shading Mode"},"sceneLighting":false,"audioPlay":false,"sceneViewState":{"showFog":true,"showMaterialUpdate":false,"showSkybox":false,"showFlares":true,"showImageEffects":true,"showParticleSystems":true},"in2DMode":false,"pivot":{"x":0.24402397871017457,"y":2.02946138381958,"z":-0.1110224723815918},"rotation":{"x":-0.4699314832687378,"y":-0.278550922870636,"z":0.15889838337898255,"w":-0.8225226402282715},"size":1.566375732421875,"orthographic":false}