{"cameraMode":{"drawMode":0,"name":"Shaded","section":"Shading Mode"},"sceneLighting":false,"audioPlay":false,"sceneViewState":{"showFog":true,"showMaterialUpdate":false,"showSkybox":false,"showFlares":true,"showImageEffects":true,"showParticleSystems":true},"in2DMode":false,"pivot":{"x":7.0990071296691898,"y":2.2218422889709474,"z":-4.164340972900391},"rotation":{"x":0.5154224634170532,"y":-0.16609077155590058,"z":0.09436178207397461,"w":0.8373313546180725},"size":31.984188079833986,"orthographic":false}