{"cameraMode":{"drawMode":0,"name":"Shaded","section":"Shading Mode"},"sceneLighting":false,"audioPlay":false,"sceneViewState":{"showFog":true,"showMaterialUpdate":false,"showSkybox":false,"showFlares":true,"showImageEffects":true,"showParticleSystems":true},"in2DMode":false,"pivot":{"x":0.3469970226287842,"y":2.781421661376953,"z":0.36794400215148928},"rotation":{"x":-0.054799143224954608,"y":-0.06472842395305634,"z":0.003217297373339534,"w":-0.9965707063674927},"size":3.1073873043060304,"orthographic":false}