{"cameraMode":{"drawMode":0,"name":"Shaded","section":"Shading Mode"},"sceneLighting":false,"audioPlay":false,"sceneViewState":{"showFog":true,"showMaterialUpdate":false,"showSkybox":true,"showFlares":true,"showImageEffects":true,"showParticleSystems":true},"in2DMode":false,"pivot":{"x":-11.550504684448243,"y":-0.12027549743652344,"z":-4.168374061584473},"rotation":{"x":-0.5758110284805298,"y":0.09225323051214218,"z":-0.06583869457244873,"w":-0.8100153207778931},"size":8.19929313659668,"orthographic":false}