{"cameraMode":{"drawMode":0,"name":"Shaded","section":"Shading Mode"},"sceneLighting":false,"audioPlay":false,"sceneViewState":{"showFog":true,"showMaterialUpdate":false,"showSkybox":false,"showFlares":true,"showImageEffects":true,"showParticleSystems":true},"in2DMode":false,"pivot":{"x":-0.3429983854293823,"y":-0.3129596710205078,"z":-1.5254161357879639},"rotation":{"x":0.18412525951862336,"y":0.09275348484516144,"z":-0.017407670617103578,"w":0.9784454107284546},"size":2.0198066234588625,"orthographic":false}