{"cameraMode":{"drawMode":0,"name":"Shaded","section":"Shading Mode"},"sceneLighting":false,"audioPlay":false,"sceneViewState":{"showFog":true,"showMaterialUpdate":false,"showSkybox":true,"showFlares":true,"showImageEffects":true,"showParticleSystems":true},"in2DMode":false,"pivot":{"x":-1.4614486694335938,"y":-2.915236234664917,"z":-0.7167993783950806},"rotation":{"x":-0.541808009147644,"y":-0.22719025611877442,"z":0.15469831228256226,"w":-0.7944105863571167},"size":5.614020347595215,"orthographic":false}