{"cameraMode":{"drawMode":0,"name":"Shaded","section":"Shading Mode"},"sceneLighting":false,"audioPlay":false,"sceneViewState":{"showFog":true,"showMaterialUpdate":false,"showSkybox":false,"showFlares":true,"showImageEffects":true,"showParticleSystems":true},"in2DMode":false,"pivot":{"x":3.970641613006592,"y":12.369623184204102,"z":-3.126678466796875},"rotation":{"x":0.337960422039032,"y":0.23295605182647706,"z":-0.09680700302124024,"w":0.9085748195648193},"size":29.207181930541993,"orthographic":false}