{"cameraMode":{"drawMode":0,"name":"Shaded","section":"Shading Mode"},"sceneLighting":false,"audioPlay":false,"sceneViewState":{"showFog":true,"showMaterialUpdate":false,"showSkybox":false,"showFlares":true,"showImageEffects":true,"showParticleSystems":true},"in2DMode":false,"pivot":{"x":0.1655535250902176,"y":0.0959773063659668,"z":-0.38078880310058596},"rotation":{"x":-0.26294609904289248,"y":0.11222534626722336,"z":-0.030948318541049959,"w":-0.9579346776008606},"size":4.787058353424072,"orthographic":false}